"MDS1","MDS2","MDS3","Sample_ID","site_sp","species"
-0.1886797413973591,0.09315693952702993,0.07951277841331282,"ZJJ_site157_Fejervarya multistriata","ZJJ_site157_Fejervarya multistriata","Fejervarya_multistriata"
-0.2094288769175397,0.08207935773371187,-0.01334936596091017,"ZJJ_site157_Pelophylax nigromaculatus","ZJJ_site157_Pelophylax nigromaculatus","Pelophylax_nigromaculatus"
-0.23720650725991055,-0.023915996028497134,-0.18729520233910124,"ZJJ_site163_Microhyla fissipes","ZJJ_site163_Microhyla fissipes","Microhyla_fissipes"
-0.1933367408761702,-0.20932978092847151,-0.12950544316935753,"ZJJ_site163_Fejervarya multistriata","ZJJ_site163_Fejervarya multistriata","Fejervarya_multistriata"
-0.018722816619174062,0.1575717649061119,0.09724505331510623,"ZJJ_site159_Fejervarya multistriata","ZJJ_site159_Fejervarya multistriata","Fejervarya_multistriata"
-0.06781707619640996,0.15931301175586193,0.19322102601746605,"ZJJ_site159_Microhyla fissipes","ZJJ_site159_Microhyla fissipes","Microhyla_fissipes"
-0.02189664426576607,-0.14404914019375528,0.04548271343099239,"CZ_site005_Fejervarya multistriata","CZ_site005_Fejervarya multistriata","Fejervarya_multistriata"
-0.540046060391123,-0.1430861134837312,-0.12398759295176688,"CZ_site005_Rana zhenhaiensis","CZ_site005_Rana zhenhaiensis","Rana_zhenhaiensis"
-0.032727051895421494,-0.14712386213652995,0.08233876302430425,"DS_site018_Bufo gargarizans","DS_site018_Bufo gargarizans","Bufo_gargarizans"
-0.08781762921503583,-0.08355599534710473,0.04137809385985026,"DS_site018_Fejervarya multistriata","DS_site018_Fejervarya multistriata","Fejervarya_multistriata"
-0.034368610346229934,0.02969259955278441,0.0153058402358017,"FD_site047_Fejervarya multistriata","FD_site047_Fejervarya multistriata","Fejervarya_multistriata"
-0.2985267557376031,0.17073301743745278,-0.14045869214550122,"FD_site047_Microhyla fissipes","FD_site047_Microhyla fissipes","Microhyla_fissipes"
-0.41008345825772885,0.09664962807898322,-0.11514212657155931,"FD_site047_Pelophylax nigromaculatus","FD_site047_Pelophylax nigromaculatus","Pelophylax_nigromaculatus"
-0.07578451687534447,0.06664247215263279,0.09914209798546576,"FD_site049_Fejervarya multistriata","FD_site049_Fejervarya multistriata","Fejervarya_multistriata"
-0.07083369938092147,5.856049077097884e-5,0.3760331487499923,"FD_site049_Pelophylax nigromaculatus","FD_site049_Pelophylax nigromaculatus","Pelophylax_nigromaculatus"
0.16744608547567805,-0.062242536647023894,-0.15872506932799854,"FD_site049_Microhyla fissipes","FD_site049_Microhyla fissipes","Microhyla_fissipes"
-0.1794722306904485,-0.00753474584915793,-0.11734071375667603,"FD_site053_Fejervarya multistriata","FD_site053_Fejervarya multistriata","Fejervarya_multistriata"
-0.2348129276893958,-0.08545716586801974,-0.15979921543938108,"FD_site053_Pelophylax nigromaculatus","FD_site053_Pelophylax nigromaculatus","Pelophylax_nigromaculatus"
-0.2532211358711163,-0.22589635756736118,0.032847785901550165,"FD_site053_Pelophylax plancyi","FD_site053_Pelophylax plancyi","Pelophylax_plancyi"
-0.13754032619031892,0.035859943776889516,-0.06925519251761265,"LH_site068_Fejervarya multistriata","LH_site068_Fejervarya multistriata","Fejervarya_multistriata"
-0.11831317116865572,0.0551737620768699,-0.0835824923594033,"LH_site068_Microhyla fissipes","LH_site068_Microhyla fissipes","Microhyla_fissipes"
-0.03274605634146873,0.0763012057720498,0.10710012610485573,"LH_site068_Lithobates catesbeianus","LH_site068_Lithobates catesbeianus","Lithobates_catesbeianus"
-0.2915725104237433,-0.07149938594453756,-0.002072123342906361,"LH_site073_Fejervarya multistriata","LH_site073_Fejervarya multistriata","Fejervarya_multistriata"
-0.060229432007529046,0.11400887194526707,0.12096836097083581,"LH_site073_Pelophylax nigromaculatus","LH_site073_Pelophylax nigromaculatus","Pelophylax_nigromaculatus"
-0.14430151351985251,0.1514523147189211,0.11362533554943843,"LH_site076_Lithobates catesbeianus","LH_site076_Lithobates catesbeianus","Lithobates_catesbeianus"
-0.16415728930891438,0.11096339173720719,0.07152913193934285,"LH_site076_Fejervarya multistriata","LH_site076_Fejervarya multistriata","Fejervarya_multistriata"
-0.32317575404193283,0.06632830367991552,0.06903247256492781,"LH_site076_Microhyla fissipes","LH_site076_Microhyla fissipes","Microhyla_fissipes"
-0.02402522301755788,0.12743392884922122,0.08455875559348502,"LH_site067_Fejervarya multistriata","LH_site067_Fejervarya multistriata","Fejervarya_multistriata"
-0.24142437615817,0.03391335493769304,0.14057832933670833,"LH_site067_Microhyla fissipes","LH_site067_Microhyla fissipes","Microhyla_fissipes"
-0.22505669294051905,0.11817179056128113,0.27688931993121974,"LH_site067_Pelophylax plancyi","LH_site067_Pelophylax plancyi","Pelophylax_plancyi"
-0.21535433048263214,0.009252765718219178,0.08197482246273174,"LH_site074_Fejervarya multistriata","LH_site074_Fejervarya multistriata","Fejervarya_multistriata"
-0.2533244277505552,-0.03134781765383137,0.21691760738061144,"LH_site074_Pelophylax plancyi","LH_site074_Pelophylax plancyi","Pelophylax_plancyi"
-0.009821523445093558,-0.11828115551740397,0.10941557619709288,"LH_site074_Pelophylax nigromaculatus","LH_site074_Pelophylax nigromaculatus","Pelophylax_nigromaculatus"
-0.2647198043960469,-0.1492743591402179,-0.06998090683260522,"LH_site074_Lithobates catesbeianus","LH_site074_Lithobates catesbeianus","Lithobates_catesbeianus"
-0.07118421623777253,-0.14692229246464003,0.06085396259734651,"MY_site080_Fejervarya multistriata","MY_site080_Fejervarya multistriata","Fejervarya_multistriata"
-0.059843737293762356,-0.12898905762101479,-0.012330956559770507,"MY_site080_Pelophylax nigromaculatus","MY_site080_Pelophylax nigromaculatus","Pelophylax_nigromaculatus"
-0.045569142242726374,-0.17771606485220393,-0.11069174344402527,"QS_site102_Fejervarya multistriata","QS_site102_Fejervarya multistriata","Fejervarya_multistriata"
0.09001183934219005,-0.11176829865739839,0.015555634233656945,"QS_site102_Bufo gargarizans","QS_site102_Bufo gargarizans","Bufo_gargarizans"
-0.10537790726015592,-0.10143198747067728,-0.031527980817342406,"QS_site099_Fejervarya multistriata","QS_site099_Fejervarya multistriata","Fejervarya_multistriata"
0.04646258996741248,-0.11708341137776584,-0.00502351399620397,"QS_site099_Bufo gargarizans","QS_site099_Bufo gargarizans","Bufo_gargarizans"
-0.07988495991418454,-0.09615995507180286,0.10451798267146976,"QS_site100_Fejervarya multistriata","QS_site100_Fejervarya multistriata","Fejervarya_multistriata"
-0.024454300445376043,-0.11304079770530666,0.04375276657378994,"QS_site100_Bufo gargarizans","QS_site100_Bufo gargarizans","Bufo_gargarizans"
0.05444300551741682,-0.032101082648819466,-0.18594000459498508,"TH_site111_Fejervarya multistriata","TH_site111_Fejervarya multistriata","Fejervarya_multistriata"
-0.34831092139741837,0.3199846132709478,-0.20945288056743167,"TH_site111_Pelophylax plancyi","TH_site111_Pelophylax plancyi","Pelophylax_plancyi"
-0.14667362024572328,0.2415095081684482,-0.05225328999359746,"TH_site111_Pelophylax nigromaculatus","TH_site111_Pelophylax nigromaculatus","Pelophylax_nigromaculatus"
-0.10285346021774511,0.0638270403632261,-0.03374313790524768,"TH_site108_Fejervarya multistriata","TH_site108_Fejervarya multistriata","Fejervarya_multistriata"
0.1454233630938064,0.03253746949674432,-0.022793782234759058,"TH_site108_Pelophylax nigromaculatus","TH_site108_Pelophylax nigromaculatus","Pelophylax_nigromaculatus"
-0.0067054874515938175,0.05146479109585311,-0.004339377056351762,"XCT_site126_Fejervarya multistriata","XCT_site126_Fejervarya multistriata","Fejervarya_multistriata"
-0.07124160461692135,-0.05066034719686524,0.06534315572095206,"XCT_site126_Pelophylax plancyi","XCT_site126_Pelophylax plancyi","Pelophylax_plancyi"
0.08255918523194287,0.11570353493651221,-0.05634508129732956,"XCT_site126_Microhyla fissipes","XCT_site126_Microhyla fissipes","Microhyla_fissipes"
0.07361690008054611,0.06796076677473732,-0.006148720345234399,"XCT_site126_Bufo gargarizans","XCT_site126_Bufo gargarizans","Bufo_gargarizans"
0.15898024741372765,0.06417864327004355,-0.07543016747204125,"XCT_site126_Lithobates catesbeianus","XCT_site126_Lithobates catesbeianus","Lithobates_catesbeianus"
-0.14183867407426798,-0.06488565277381132,-0.07887390841114501,"XS_site128_Fejervarya multistriata","XS_site128_Fejervarya multistriata","Fejervarya_multistriata"
0.018958297256146756,-0.1276637635688837,-0.0354324955182854,"XS_site128_Microhyla fissipes","XS_site128_Microhyla fissipes","Microhyla_fissipes"
0.06196149093676103,-0.13938223527662966,-0.13165727770017976,"XS_site128_Lithobates catesbeianus","XS_site128_Lithobates catesbeianus","Lithobates_catesbeianus"
-0.041651319748521376,-0.0726548793401038,-0.11574871828458376,"XZ_site124_Microhyla fissipes","XZ_site124_Microhyla fissipes","Microhyla_fissipes"
-0.10308193712189326,0.046460521975177735,-0.16292423577792123,"XZ_site124_Fejervarya multistriata","XZ_site124_Fejervarya multistriata","Fejervarya_multistriata"
-0.08184867408457328,-2.9917634977386803e-4,0.029939588619158866,"XZ_site120_Microhyla fissipes","XZ_site120_Microhyla fissipes","Microhyla_fissipes"
-0.13293644547741396,0.022426354494548252,-0.15471767962486543,"XZ_site120_Fejervarya multistriata","XZ_site120_Fejervarya multistriata","Fejervarya_multistriata"
0.010188247576604161,-0.12359210056765818,-0.1379706385729899,"XZ_site122_Fejervarya multistriata","XZ_site122_Fejervarya multistriata","Fejervarya_multistriata"
-0.18160784710242922,-0.02858964204632714,-0.07618518627513134,"XZ_site122_Microhyla fissipes","XZ_site122_Microhyla fissipes","Microhyla_fissipes"
-0.13903951479962903,-0.07619936554550341,-0.1063676524975997,"XZ_site121_Fejervarya multistriata","XZ_site121_Fejervarya multistriata","Fejervarya_multistriata"
-0.10387656047741887,0.0026521502350855086,-0.11757590869265297,"XZ_site121_Microhyla fissipes","XZ_site121_Microhyla fissipes","Microhyla_fissipes"
-0.09481808256261931,-0.09442010862293772,0.001023504971007844,"XZ_site119_Fejervarya multistriata","XZ_site119_Fejervarya multistriata","Fejervarya_multistriata"
-0.027015674081056977,-0.1729315312534063,0.007534257587297821,"XZ_site119_Pelophylax nigromaculatus","XZ_site119_Pelophylax nigromaculatus","Pelophylax_nigromaculatus"
-0.05387359113607944,-0.10947353837149787,-0.007716634319343982,"XZ_site119_Lithobates catesbeianus","XZ_site119_Lithobates catesbeianus","Lithobates_catesbeianus"
0.027808876160278734,-0.03814755730267182,0.07714488918794357,"DS_site016_Fejervarya multistriata","DS_site016_Fejervarya multistriata","Fejervarya_multistriata"
0.0677877783303366,0.007185906792205306,0.07053937207233352,"DS_site016_Microhyla fissipes","DS_site016_Microhyla fissipes","Microhyla_fissipes"
0.07209961941533566,-0.02652405943780899,0.03776518552250336,"DS_site016_Lithobates catesbeianus","DS_site016_Lithobates catesbeianus","Lithobates_catesbeianus"
-0.015347214762979676,-0.09429868005076358,0.02116150924534244,"DS_site022_Fejervarya multistriata","DS_site022_Fejervarya multistriata","Fejervarya_multistriata"
0.06051353269722591,0.039180473633101835,0.08703743681498484,"DS_site022_Microhyla fissipes","DS_site022_Microhyla fissipes","Microhyla_fissipes"
-0.014490103868306512,0.1006433902154947,-0.06855820314432047,"DS_site022_Rana zhenhaiensis","DS_site022_Rana zhenhaiensis","Rana_zhenhaiensis"
0.03791006145996883,-0.041231837030702836,-0.11273110019885958,"DS_site020_Fejervarya multistriata","DS_site020_Fejervarya multistriata","Fejervarya_multistriata"
0.054690888856164965,-0.05107249465141882,-0.03749915622789512,"DS_site020_Bufo gargarizans","DS_site020_Bufo gargarizans","Bufo_gargarizans"
0.16437734355618006,0.017272423909066584,-0.006511293444136234,"DS_site020_Hylarana latouchii","DS_site020_Hylarana latouchii","Hylarana_latouchii"
-0.12583671357120174,-0.04795135177574323,-0.19239613973049538,"DS_site020_Microhyla fissipes","DS_site020_Microhyla fissipes","Microhyla_fissipes"
0.05748653947441617,-0.030566082839466276,0.008312005281249289,"DS_site033_Bufo gargarizans","DS_site033_Bufo gargarizans","Bufo_gargarizans"
0.0373029625787411,-0.033866538792274734,0.00961664610603958,"DS_site033_Fejervarya multistriata","DS_site033_Fejervarya multistriata","Fejervarya_multistriata"
0.09418148084732712,-0.01919068465754922,0.028939368264991,"DS_site033_Pelophylax nigromaculatus","DS_site033_Pelophylax nigromaculatus","Pelophylax_nigromaculatus"
0.08635773096271948,-0.118991370093666,0.034964245179842764,"DS_site033_Rana zhenhaiensis","DS_site033_Rana zhenhaiensis","Rana_zhenhaiensis"
0.06487808524802048,-0.05780070952164382,0.01526084186778274,"DS_site029_Lithobates catesbeianus","DS_site029_Lithobates catesbeianus","Lithobates_catesbeianus"
0.12688987583071396,-0.053453407413794306,-0.05367232474039147,"DS_site029_Fejervarya multistriata","DS_site029_Fejervarya multistriata","Fejervarya_multistriata"
0.08901785255879797,-0.02947870538471456,0.03701225027126585,"DS_site029_Rana zhenhaiensis","DS_site029_Rana zhenhaiensis","Rana_zhenhaiensis"
0.09473876429097253,-0.0627661253800554,0.010244251151613122,"DS_site029_Bufo gargarizans","DS_site029_Bufo gargarizans","Bufo_gargarizans"
0.07035456477947352,-0.06816228243809161,0.01208806328448224,"DS_site021_Bufo gargarizans","DS_site021_Bufo gargarizans","Bufo_gargarizans"
0.04882584307726578,-0.042039405783064324,0.03922126774295946,"DS_site021_Fejervarya multistriata","DS_site021_Fejervarya multistriata","Fejervarya_multistriata"
0.08009614812765656,-0.0896866996038182,-0.03371374094625322,"DS_site021_Lithobates catesbeianus","DS_site021_Lithobates catesbeianus","Lithobates_catesbeianus"
-0.02421746548933688,-0.08123173795909681,0.07990436811286511,"DS_site032_Fejervarya multistriata","DS_site032_Fejervarya multistriata","Fejervarya_multistriata"
0.06650937625384637,-0.03424647055810467,0.09342435994675984,"DS_site032_Rana zhenhaiensis","DS_site032_Rana zhenhaiensis","Rana_zhenhaiensis"
-0.02580147401651764,-0.1177153853758592,0.179833632818011,"DS_site032_Microhyla fissipes","DS_site032_Microhyla fissipes","Microhyla_fissipes"
0.04790458405929143,-0.13177846092593948,0.07325884560919581,"DS_site032_Bufo gargarizans","DS_site032_Bufo gargarizans","Bufo_gargarizans"
0.050406500839205996,-0.14446845744510192,0.09877310698854357,"DS_site032_Lithobates catesbeianus","DS_site032_Lithobates catesbeianus","Lithobates_catesbeianus"
0.048616775721046536,-0.13138435559026423,0.09488540461294445,"DS_site037_Rana zhenhaiensis","DS_site037_Rana zhenhaiensis","Rana_zhenhaiensis"
0.040396785502175854,-0.12697746176176805,0.10675686820830468,"DS_site037_Bufo gargarizans","DS_site037_Bufo gargarizans","Bufo_gargarizans"
0.027411242072830837,-0.1104824331772409,0.1357532587901724,"DS_site037_Fejervarya multistriata","DS_site037_Fejervarya multistriata","Fejervarya_multistriata"
0.0694958421610104,-0.11905686423901224,0.006571983348650156,"DS_site019_Fejervarya multistriata","DS_site019_Fejervarya multistriata","Fejervarya_multistriata"
0.0924439120332031,-0.11518037881973779,0.029762203752323555,"DS_site019_Bufo gargarizans","DS_site019_Bufo gargarizans","Bufo_gargarizans"
0.057188588495247564,-0.094664344051743,0.07763579061758143,"DS_site031_Fejervarya multistriata","DS_site031_Fejervarya multistriata","Fejervarya_multistriata"
0.06855752738375497,-0.10249402936700197,0.006821550542368171,"DS_site031_Bufo gargarizans","DS_site031_Bufo gargarizans","Bufo_gargarizans"
0.06665536182337942,-0.13209145286935392,0.09227890721640103,"DS_site031_Lithobates catesbeianus","DS_site031_Lithobates catesbeianus","Lithobates_catesbeianus"
0.10075999886269192,-0.08637814123705279,0.009382442433484748,"DS_site024_Microhyla fissipes","DS_site024_Microhyla fissipes","Microhyla_fissipes"
0.09352034143740721,-0.09934006814248916,0.011866830570368156,"DS_site024_Fejervarya multistriata","DS_site024_Fejervarya multistriata","Fejervarya_multistriata"
0.06319708062980019,-0.13686106092829065,0.10581163295187153,"DS_site024_Bufo gargarizans","DS_site024_Bufo gargarizans","Bufo_gargarizans"
0.041933079086309076,-0.054724535252246874,0.013688046752263176,"ZJJ_site165_Fejervarya multistriata","ZJJ_site165_Fejervarya multistriata","Fejervarya_multistriata"
0.046960787585868254,-0.07310094606304166,0.043905505517735914,"ZJJ_site165_Bufo gargarizans","ZJJ_site165_Bufo gargarizans","Bufo_gargarizans"
0.07070666805474285,-0.12446832058975536,0.03774436095250018,"ZJJ_site165_Hylarana latouchii","ZJJ_site165_Hylarana latouchii","Hylarana_latouchii"
0.09801337300468803,-0.00858580347731197,0.024790724065083137,"ZJJ_site165_Microhyla fissipes","ZJJ_site165_Microhyla fissipes","Microhyla_fissipes"
0.013998806520949942,-0.0930965510354148,-0.019723954634785875,"XS_site129_Fejervarya multistriata","XS_site129_Fejervarya multistriata","Fejervarya_multistriata"
0.06597395704408902,-0.14627875476521068,0.07633604682455805,"XS_site129_Bufo gargarizans","XS_site129_Bufo gargarizans","Bufo_gargarizans"
-0.07676418792618253,-0.05295442287904722,-0.18606836417376232,"XS_site130_Fejervarya multistriata","XS_site130_Fejervarya multistriata","Fejervarya_multistriata"
0.15001341392721584,-0.055016601304477684,-0.13738178280809338,"XS_site130_Microhyla fissipes","XS_site130_Microhyla fissipes","Microhyla_fissipes"
4.628437480519583e-4,-0.04588851858473234,0.12694813966431265,"ZSM_site151_Fejervarya multistriata","ZSM_site151_Fejervarya multistriata","Fejervarya_multistriata"
-0.03370115436146048,-0.015120144496711736,0.14658084961926043,"ZSM_site151_Bufo gargarizans","ZSM_site151_Bufo gargarizans","Bufo_gargarizans"
-0.021201658814040878,0.038108814957658894,0.043361040627773746,"ZSM_site151_Microhyla fissipes","ZSM_site151_Microhyla fissipes","Microhyla_fissipes"
0.11591229098262427,0.14926605859739947,0.0359482385195,"ZSM_site144_Polypedates megacephalus","ZSM_site144_Polypedates megacephalus","Polypedates_megacephalus"
0.0773317944948961,-0.08300283828320187,0.09592628098222149,"ZSM_site144_Fejervarya multistriata","ZSM_site144_Fejervarya multistriata","Fejervarya_multistriata"
0.09952118669894133,0.13294086641628547,0.032893652544400874,"ZSM_site144_Lithobates catesbeianus","ZSM_site144_Lithobates catesbeianus","Lithobates_catesbeianus"
0.12012508413939896,0.1459445139000844,0.05387801909718261,"ZSM_site144_Rana zhenhaiensis","ZSM_site144_Rana zhenhaiensis","Rana_zhenhaiensis"
0.08846736252825341,0.13592755742811755,0.04242266343018793,"ZSM_site149_Fejervarya multistriata","ZSM_site149_Fejervarya multistriata","Fejervarya_multistriata"
0.10197302907345081,0.1499781190965077,0.06155306086539806,"ZSM_site149_Polypedates megacephalus","ZSM_site149_Polypedates megacephalus","Polypedates_megacephalus"
0.11740801412496471,0.14955003822618387,0.03200494775380521,"ZSM_site149_Pelophylax nigromaculatus","ZSM_site149_Pelophylax nigromaculatus","Pelophylax_nigromaculatus"
0.11785907528369964,0.1428818120029759,0.06716152409393462,"ZSM_site149_Lithobates catesbeianus","ZSM_site149_Lithobates catesbeianus","Lithobates_catesbeianus"
0.08904429905133487,0.09678878480569382,0.06262541570064548,"ZSM_site150_Fejervarya multistriata","ZSM_site150_Fejervarya multistriata","Fejervarya_multistriata"
0.07546993011784578,0.14457813801251854,0.03683067678973396,"ZSM_site150_Bufo gargarizans","ZSM_site150_Bufo gargarizans","Bufo_gargarizans"
0.11966053803218922,0.13438807135722886,0.14628985466684627,"ZSM_site150_Polypedates megacephalus","ZSM_site150_Polypedates megacephalus","Polypedates_megacephalus"
0.07353305225057757,0.2081784317071037,-0.0480575414989152,"ZJJ_site164_Rana zhenhaiensis","ZJJ_site164_Rana zhenhaiensis","Rana_zhenhaiensis"
0.055888917644827583,0.07761866226513318,0.03421453617297459,"ZJJ_site164_Fejervarya multistriata","ZJJ_site164_Fejervarya multistriata","Fejervarya_multistriata"
0.06642545150268318,0.009578329173529762,0.00905893546779752,"ZJJ_site164_Bufo gargarizans","ZJJ_site164_Bufo gargarizans","Bufo_gargarizans"
0.08362634051679944,0.1433870835781467,0.10169005511380926,"ZJJ_site164_Pelophylax nigromaculatus","ZJJ_site164_Pelophylax nigromaculatus","Pelophylax_nigromaculatus"
0.07760021221344303,0.16628493498187802,-0.011016057533691068,"ZJJ_site164_Hyla chinensis","ZJJ_site164_Hyla chinensis","Hyla_chinensis"
-0.05873780228057926,0.30821839703499676,-0.16304131653728676,"LH_site069_Rana zhenhaiensis","LH_site069_Rana zhenhaiensis","Rana_zhenhaiensis"
0.13015496054679185,0.15876284653594722,-0.09439164075648657,"LH_site069_Fejervarya multistriata","LH_site069_Fejervarya multistriata","Fejervarya_multistriata"
0.13531322947898822,0.0654096961769904,-0.08995071936985391,"LH_site069_Microhyla fissipes","LH_site069_Microhyla fissipes","Microhyla_fissipes"
0.07252773848921346,0.14573463034028433,0.015985077789322157,"LH_site071_Pelophylax nigromaculatus","LH_site071_Pelophylax nigromaculatus","Pelophylax_nigromaculatus"
0.05876168999863276,0.028804647554948763,0.11578310381459427,"LH_site071_Fejervarya multistriata","LH_site071_Fejervarya multistriata","Fejervarya_multistriata"
-0.058554909417616485,-0.04155822011768958,0.13374705409236098,"LH_site071_Lithobates catesbeianus","LH_site071_Lithobates catesbeianus","Lithobates_catesbeianus"
0.11272447851577373,0.0854238331092388,0.02690095668940395,"LH_site063_Microhyla fissipes","LH_site063_Microhyla fissipes","Microhyla_fissipes"
0.07338912834290567,0.13878478393137256,0.13978606016323747,"LH_site063_Rana zhenhaiensis","LH_site063_Rana zhenhaiensis","Rana_zhenhaiensis"
0.0447763142364947,-0.08807704696525931,0.06773726636265015,"YS_site137_Rana zhenhaiensis","YS_site137_Rana zhenhaiensis","Rana_zhenhaiensis"
-0.011267643099765311,-0.23096121941313075,-0.34209180381567356,"YS_site137_Fejervarya multistriata","YS_site137_Fejervarya multistriata","Fejervarya_multistriata"
0.038228153915470596,-0.15683183720601077,0.08639008008095575,"XZ_site118_Fejervarya multistriata","XZ_site118_Fejervarya multistriata","Fejervarya_multistriata"
0.41477386447211906,-0.1267898332989843,-0.42072542730440393,"XZ_site118_Pelophylax nigromaculatus","XZ_site118_Pelophylax nigromaculatus","Pelophylax_nigromaculatus"
0.10154875916735882,0.0820028466231099,-0.05968612536850724,"XCT_site127_Bufo gargarizans","XCT_site127_Bufo gargarizans","Bufo_gargarizans"
0.06462938790109522,-0.08310414094669558,0.07065234025207132,"XCT_site127_Rana zhenhaiensis","XCT_site127_Rana zhenhaiensis","Rana_zhenhaiensis"
0.11319701744020422,0.07186060386611764,0.0037910226484709603,"QS_site097_Bufo gargarizans","QS_site097_Bufo gargarizans","Bufo_gargarizans"
0.046891089798660246,0.030551785245129304,0.03693486958959643,"QS_site097_Fejervarya multistriata","QS_site097_Fejervarya multistriata","Fejervarya_multistriata"
0.07162120689331107,-0.018913000242149324,0.04954151708832412,"QS_site097_Rana zhenhaiensis","QS_site097_Rana zhenhaiensis","Rana_zhenhaiensis"
0.07785214500434373,0.02024749679814803,0.003938443885040951,"QS_site101_Bufo gargarizans","QS_site101_Bufo gargarizans","Bufo_gargarizans"
0.0666114515346868,-0.041607017328220426,0.10078943628916925,"QS_site101_Rana zhenhaiensis","QS_site101_Rana zhenhaiensis","Rana_zhenhaiensis"
0.1273883689549469,0.18936020146424476,-0.031352891903529495,"QS_site101_Fejervarya multistriata","QS_site101_Fejervarya multistriata","Fejervarya_multistriata"
0.059079360060648754,0.07309617200712508,0.015631051271945112,"DYS_site014_Fejervarya multistriata","DYS_site014_Fejervarya multistriata","Fejervarya_multistriata"
0.0833548830483828,0.026604903761495217,0.054210146417698765,"DYS_site014_Bufo gargarizans","DYS_site014_Bufo gargarizans","Bufo_gargarizans"
0.09261898944186686,0.11118196198476743,0.0079922583247618,"JP_site056_Fejervarya multistriata","JP_site056_Fejervarya multistriata","Fejervarya_multistriata"
0.08986450306309464,0.10993254465588626,0.015589240540280162,"JP_site056_Bufo gargarizans","JP_site056_Bufo gargarizans","Bufo_gargarizans"
0.08959159521671319,-0.09370257128914283,-0.047309758546058574,"JP_site056_Rana zhenhaiensis","JP_site056_Rana zhenhaiensis","Rana_zhenhaiensis"
0.11791819723535181,0.15485988074151066,0.023944708676691753,"SJ_site106_Fejervarya multistriata","SJ_site106_Fejervarya multistriata","Fejervarya_multistriata"
0.06130292076732511,-0.017977236372693287,0.06335570084476645,"SJ_site106_Bufo gargarizans","SJ_site106_Bufo gargarizans","Bufo_gargarizans"
0.06803315009017011,-0.0254518601891769,-0.022259070457390766,"ZJJ_site167_Bufo gargarizans","ZJJ_site167_Bufo gargarizans","Bufo_gargarizans"
0.05864596939110989,0.025243362399527947,-0.011338881800562748,"ZJJ_site167_Fejervarya multistriata","ZJJ_site167_Fejervarya multistriata","Fejervarya_multistriata"
0.08068377152758648,0.0984658437813425,-0.060602128411514807,"SS_site103_Fejervarya multistriata","SS_site103_Fejervarya multistriata","Fejervarya_multistriata"
0.21625988562862186,-0.09327294226620253,-0.09572622128881471,"SS_site103_Bufo gargarizans","SS_site103_Bufo gargarizans","Bufo_gargarizans"
0.01652196903932904,0.02574598657400985,-0.22066976666973998,"SS_site104_Fejervarya multistriata","SS_site104_Fejervarya multistriata","Fejervarya_multistriata"
-0.14880824907235374,0.12531419669319716,-0.04627193924717972,"SS_site104_Bufo gargarizans","SS_site104_Bufo gargarizans","Bufo_gargarizans"
-0.2048392645306519,-0.08665847975424114,0.1468061802475418,"SS_site104_Rana zhenhaiensis","SS_site104_Rana zhenhaiensis","Rana_zhenhaiensis"
0.06940213172024338,0.12046746686424332,-0.13819964614346786,"GQ_site054_Bufo gargarizans","GQ_site054_Bufo gargarizans","Bufo_gargarizans"
-0.04029765263964913,0.1267071024394326,-0.02622273603033746,"GQ_site054_Fejervarya multistriata","GQ_site054_Fejervarya multistriata","Fejervarya_multistriata"
0.03884013966548054,0.1285926568708258,-0.06999206135813146,"LJZ_site077_Fejervarya multistriata","LJZ_site077_Fejervarya multistriata","Fejervarya_multistriata"
-0.0037823536053621276,0.18656173736961687,-0.08375585565327738,"LJZ_site077_Pelophylax plancyi","LJZ_site077_Pelophylax plancyi","Pelophylax_plancyi"
-0.037687866872219644,-0.008957374335511267,-0.2022582932804427,"LJZ_site077_Bufo gargarizans","LJZ_site077_Bufo gargarizans","Bufo_gargarizans"
0.08281535658794029,-0.11474854562619627,0.0028915449626265425,"JT_site060_Bufo gargarizans","JT_site060_Bufo gargarizans","Bufo_gargarizans"
-0.0181046764775714,-0.056926046218434834,0.014228422503217868,"JT_site060_Rana zhenhaiensis","JT_site060_Rana zhenhaiensis","Rana_zhenhaiensis"
0.09114051148323034,0.07341368816184086,-0.1967732952788173,"JT_site060_Pelophylax plancyi","JT_site060_Pelophylax plancyi","Pelophylax_plancyi"
0.1912352117984031,-0.06783566692472943,-0.1309181298971078,"JT_site060_Fejervarya multistriata","JT_site060_Fejervarya multistriata","Fejervarya_multistriata"
0.09107137920564086,-0.14031487913772883,0.12762439936867034,"JT_site060_Pelophylax nigromaculatus","JT_site060_Pelophylax nigromaculatus","Pelophylax_nigromaculatus"
8.54817128195568e-4,0.06754797998359413,-0.2057246806598429,"JT_site058_Rana zhenhaiensis","JT_site058_Rana zhenhaiensis","Rana_zhenhaiensis"
-0.11015980984857403,0.1507380185940228,-0.16779120495589617,"JT_site058_Fejervarya multistriata","JT_site058_Fejervarya multistriata","Fejervarya_multistriata"
0.1921506669080016,0.19676121917987707,-0.04137670148458801,"JT_site058_Pelophylax nigromaculatus","JT_site058_Pelophylax nigromaculatus","Pelophylax_nigromaculatus"
0.13066596894275917,0.07210409955390114,-0.04104553342108711,"JT_site058_Bufo gargarizans","JT_site058_Bufo gargarizans","Bufo_gargarizans"
-0.057039790585979334,0.1997695597137685,0.050769688674143165,"CZ_site142_Rana zhenhaiensis","CZ_site142_Rana zhenhaiensis","Rana_zhenhaiensis"
0.06278307219933649,0.12611006953130496,-0.03242732532771476,"CZ_site142_Fejervarya multistriata","CZ_site142_Fejervarya multistriata","Fejervarya_multistriata"
-0.05205795533644068,0.0802064622046936,0.23671500133646958,"CZ_site142_Bufo gargarizans","CZ_site142_Bufo gargarizans","Bufo_gargarizans"
0.12136447575476733,-0.07366732223570059,-0.16231673486577594,"CZ_site142_Pelophylax nigromaculatus","CZ_site142_Pelophylax nigromaculatus","Pelophylax_nigromaculatus"
